{
   "ctrlPoints":[
      [
         -34.65711761665524,
         27.61358120293216,
         225.3536816010687
      ],
      [
        80.65520548598448,
        21.09665349115903,
        60.535065285499485
      ],
      [
        -23.49731746165463,
        12.851529713172837,
        -106.36808570278318
      ],
      [
        30.436207425994382,
        7.657209774087704,
        -245.37934431777123
      ]
   ],
   "ctrlNormals":[
      [
         0.6415841521443342,
         0.7445808856815844,
         -0.18430702752435468
      ],
      [
         -0.019912474420994336,
         0.9969797457935915,
         -0.07506583670205327
      ],
      [
         -0.4470143671716056,
         0.4617918939141763,
         -0.7661112205530782
      ]
   ]
}
